[{"model": "admin.logentry", "pk": 4, "fields": {"action_time": "2021-07-26T15:07:08.671", "user": 4, "content_type": 8, "object_id": "1", "object_repr": "kuznetsov", "action_flag": 3, "change_message": ""}}, {"model": "admin.logentry", "pk": 6, "fields": {"action_time": "2021-08-14T15:57:51.489", "user": 11, "content_type": 8, "object_id": "23", "object_repr": "efklerkferk", "action_flag": 3, "change_message": ""}}, {"model": "admin.logentry", "pk": 7, "fields": {"action_time": "2021-08-14T15:57:51.498", "user": 11, "content_type": 8, "object_id": "22", "object_repr": "bjkhewkhwekwehbfk", "action_flag": 3, "change_message": ""}}, {"model": "admin.logentry", "pk": 8, "fields": {"action_time": "2021-08-14T15:57:51.500", "user": 11, "content_type": 8, "object_id": "21", "object_repr": "fueuyeferfiu3", "action_flag": 3, "change_message": ""}}, {"model": "admin.logentry", "pk": 9, "fields": {"action_time": "2021-08-14T15:57:51.502", "user": 11, "content_type": 8, "object_id": "20", "object_repr": "nkwbekbwekjebwkj3ebkj876", "action_flag": 3, "change_message": ""}}, {"model": "admin.logentry", "pk": 10, "fields": {"action_time": "2021-08-14T15:57:51.505", "user": 11, "content_type": 8, "object_id": "19", "object_repr": "плоткелдпокедп567", "action_flag": 3, "change_message": ""}}, {"model": "admin.logentry", "pk": 11, "fields": {"action_time": "2021-08-14T15:57:51.507", "user": 11, "content_type": 8, "object_id": "18", "object_repr": "атклетплкептлк", "action_flag": 3, "change_message": ""}}, {"model": "admin.logentry", "pk": 12, "fields": {"action_time": "2021-08-14T15:57:51.509", "user": 11, "content_type": 8, "object_id": "17", "object_repr": "lkjnerglknerglkn", "action_flag": 3, "change_message": ""}}, {"model": "admin.logentry", "pk": 13, "fields": {"action_time": "2021-08-14T15:57:51.512", "user": 11, "content_type": 8, "object_id": "16", "object_repr": "dcwqqvcwqververfvkc", "action_flag": 3, "change_message": ""}}, {"model": "admin.logentry", "pk": 14, "fields": {"action_time": "2021-08-14T18:22:45.958", "user": 11, "content_type": 8, "object_id": "28", "object_repr": "test_test3", "action_flag": 3, "change_message": ""}}, {"model": "admin.logentry", "pk": 15, "fields": {"action_time": "2021-08-14T18:22:45.967", "user": 11, "content_type": 8, "object_id": "27", "object_repr": "test_test", "action_flag": 3, "change_message": ""}}, {"model": "admin.logentry", "pk": 16, "fields": {"action_time": "2021-08-14T18:22:45.969", "user": 11, "content_type": 8, "object_id": "26", "object_repr": "kuznetsov_test1", "action_flag": 3, "change_message": ""}}, {"model": "admin.logentry", "pk": 17, "fields": {"action_time": "2021-08-23T12:54:51.753", "user": 11, "content_type": 8, "object_id": "52", "object_repr": "id96696609", "action_flag": 2, "change_message": "[{\"changed\": {\"fields\": [\"Staff status\"]}}]"}}, {"model": "admin.logentry", "pk": 18, "fields": {"action_time": "2021-08-23T14:13:30.915", "user": 11, "content_type": 16, "object_id": "1", "object_repr": "Текущий заказ: 1", "action_flag": 1, "change_message": "[{\"added\": {}}]"}}, {"model": "admin.logentry", "pk": 19, "fields": {"action_time": "2021-08-24T12:05:05.573", "user": 11, "content_type": 16, "object_id": "2", "object_repr": "Текущий заказ: 2", "action_flag": 2, "change_message": "[{\"changed\": {\"fields\": [\"\\u0410\\u043a\\u0442\\u0438\\u0432\\u0435\\u043d\"]}}]"}}, {"model": "admin.logentry", "pk": 20, "fields": {"action_time": "2021-08-24T22:48:53.838", "user": 11, "content_type": 9, "object_id": "15", "object_repr": "сложная учетка (лампа)", "action_flag": 1, "change_message": "[{\"added\": {}}]"}}, {"model": "admin.logentry", "pk": 21, "fields": {"action_time": "2021-08-24T22:49:27.868", "user": 11, "content_type": 9, "object_id": "16", "object_repr": "Сергей (диван)", "action_flag": 1, "change_message": "[{\"added\": {}}]"}}, {"model": "auth.permission", "pk": 1, "fields": {"name": "Can add log entry", "content_type": 1, "codename": "add_logentry"}}, {"model": "auth.permission", "pk": 2, "fields": {"name": "Can change log entry", "content_type": 1, "codename": "change_logentry"}}, {"model": "auth.permission", "pk": 3, "fields": {"name": "Can delete log entry", "content_type": 1, "codename": "delete_logentry"}}, {"model": "auth.permission", "pk": 4, "fields": {"name": "Can view log entry", "content_type": 1, "codename": "view_logentry"}}, {"model": "auth.permission", "pk": 5, "fields": {"name": "Can add permission", "content_type": 2, "codename": "add_permission"}}, {"model": "auth.permission", "pk": 6, "fields": {"name": "Can change permission", "content_type": 2, "codename": "change_permission"}}, {"model": "auth.permission", "pk": 7, "fields": {"name": "Can delete permission", "content_type": 2, "codename": "delete_permission"}}, {"model": "auth.permission", "pk": 8, "fields": {"name": "Can view permission", "content_type": 2, "codename": "view_permission"}}, {"model": "auth.permission", "pk": 9, "fields": {"name": "Can add group", "content_type": 3, "codename": "add_group"}}, {"model": "auth.permission", "pk": 10, "fields": {"name": "Can change group", "content_type": 3, "codename": "change_group"}}, {"model": "auth.permission", "pk": 11, "fields": {"name": "Can delete group", "content_type": 3, "codename": "delete_group"}}, {"model": "auth.permission", "pk": 12, "fields": {"name": "Can view group", "content_type": 3, "codename": "view_group"}}, {"model": "auth.permission", "pk": 13, "fields": {"name": "Can add content type", "content_type": 4, "codename": "add_contenttype"}}, {"model": "auth.permission", "pk": 14, "fields": {"name": "Can change content type", "content_type": 4, "codename": "change_contenttype"}}, {"model": "auth.permission", "pk": 15, "fields": {"name": "Can delete content type", "content_type": 4, "codename": "delete_contenttype"}}, {"model": "auth.permission", "pk": 16, "fields": {"name": "Can view content type", "content_type": 4, "codename": "view_contenttype"}}, {"model": "auth.permission", "pk": 17, "fields": {"name": "Can add session", "content_type": 5, "codename": "add_session"}}, {"model": "auth.permission", "pk": 18, "fields": {"name": "Can change session", "content_type": 5, "codename": "change_session"}}, {"model": "auth.permission", "pk": 19, "fields": {"name": "Can delete session", "content_type": 5, "codename": "delete_session"}}, {"model": "auth.permission", "pk": 20, "fields": {"name": "Can view session", "content_type": 5, "codename": "view_session"}}, {"model": "auth.permission", "pk": 21, "fields": {"name": "Can add категория", "content_type": 6, "codename": "add_productcategory"}}, {"model": "auth.permission", "pk": 22, "fields": {"name": "Can change категория", "content_type": 6, "codename": "change_productcategory"}}, {"model": "auth.permission", "pk": 23, "fields": {"name": "Can delete категория", "content_type": 6, "codename": "delete_productcategory"}}, {"model": "auth.permission", "pk": 24, "fields": {"name": "Can view категория", "content_type": 6, "codename": "view_productcategory"}}, {"model": "auth.permission", "pk": 25, "fields": {"name": "Can add товар", "content_type": 7, "codename": "add_product"}}, {"model": "auth.permission", "pk": 26, "fields": {"name": "Can change товар", "content_type": 7, "codename": "change_product"}}, {"model": "auth.permission", "pk": 27, "fields": {"name": "Can delete товар", "content_type": 7, "codename": "delete_product"}}, {"model": "auth.permission", "pk": 28, "fields": {"name": "Can view товар", "content_type": 7, "codename": "view_product"}}, {"model": "auth.permission", "pk": 29, "fields": {"name": "Can add user", "content_type": 8, "codename": "add_shopuser"}}, {"model": "auth.permission", "pk": 30, "fields": {"name": "Can change user", "content_type": 8, "codename": "change_shopuser"}}, {"model": "auth.permission", "pk": 31, "fields": {"name": "Can delete user", "content_type": 8, "codename": "delete_shopuser"}}, {"model": "auth.permission", "pk": 32, "fields": {"name": "Can view user", "content_type": 8, "codename": "view_shopuser"}}, {"model": "auth.permission", "pk": 33, "fields": {"name": "Can add basket", "content_type": 9, "codename": "add_basket"}}, {"model": "auth.permission", "pk": 34, "fields": {"name": "Can change basket", "content_type": 9, "codename": "change_basket"}}, {"model": "auth.permission", "pk": 35, "fields": {"name": "Can delete basket", "content_type": 9, "codename": "delete_basket"}}, {"model": "auth.permission", "pk": 36, "fields": {"name": "Can view basket", "content_type": 9, "codename": "view_basket"}}, {"model": "auth.permission", "pk": 37, "fields": {"name": "Can add shop user profile", "content_type": 10, "codename": "add_shopuserprofile"}}, {"model": "auth.permission", "pk": 38, "fields": {"name": "Can change shop user profile", "content_type": 10, "codename": "change_shopuserprofile"}}, {"model": "auth.permission", "pk": 39, "fields": {"name": "Can delete shop user profile", "content_type": 10, "codename": "delete_shopuserprofile"}}, {"model": "auth.permission", "pk": 40, "fields": {"name": "Can view shop user profile", "content_type": 10, "codename": "view_shopuserprofile"}}, {"model": "auth.permission", "pk": 41, "fields": {"name": "Can add association", "content_type": 11, "codename": "add_association"}}, {"model": "auth.permission", "pk": 42, "fields": {"name": "Can change association", "content_type": 11, "codename": "change_association"}}, {"model": "auth.permission", "pk": 43, "fields": {"name": "Can delete association", "content_type": 11, "codename": "delete_association"}}, {"model": "auth.permission", "pk": 44, "fields": {"name": "Can view association", "content_type": 11, "codename": "view_association"}}, {"model": "auth.permission", "pk": 45, "fields": {"name": "Can add code", "content_type": 12, "codename": "add_code"}}, {"model": "auth.permission", "pk": 46, "fields": {"name": "Can change code", "content_type": 12, "codename": "change_code"}}, {"model": "auth.permission", "pk": 47, "fields": {"name": "Can delete code", "content_type": 12, "codename": "delete_code"}}, {"model": "auth.permission", "pk": 48, "fields": {"name": "Can view code", "content_type": 12, "codename": "view_code"}}, {"model": "auth.permission", "pk": 49, "fields": {"name": "Can add nonce", "content_type": 13, "codename": "add_nonce"}}, {"model": "auth.permission", "pk": 50, "fields": {"name": "Can change nonce", "content_type": 13, "codename": "change_nonce"}}, {"model": "auth.permission", "pk": 51, "fields": {"name": "Can delete nonce", "content_type": 13, "codename": "delete_nonce"}}, {"model": "auth.permission", "pk": 52, "fields": {"name": "Can view nonce", "content_type": 13, "codename": "view_nonce"}}, {"model": "auth.permission", "pk": 53, "fields": {"name": "Can add user social auth", "content_type": 14, "codename": "add_usersocialauth"}}, {"model": "auth.permission", "pk": 54, "fields": {"name": "Can change user social auth", "content_type": 14, "codename": "change_usersocialauth"}}, {"model": "auth.permission", "pk": 55, "fields": {"name": "Can delete user social auth", "content_type": 14, "codename": "delete_usersocialauth"}}, {"model": "auth.permission", "pk": 56, "fields": {"name": "Can view user social auth", "content_type": 14, "codename": "view_usersocialauth"}}, {"model": "auth.permission", "pk": 57, "fields": {"name": "Can add partial", "content_type": 15, "codename": "add_partial"}}, {"model": "auth.permission", "pk": 58, "fields": {"name": "Can change partial", "content_type": 15, "codename": "change_partial"}}, {"model": "auth.permission", "pk": 59, "fields": {"name": "Can delete partial", "content_type": 15, "codename": "delete_partial"}}, {"model": "auth.permission", "pk": 60, "fields": {"name": "Can view partial", "content_type": 15, "codename": "view_partial"}}, {"model": "auth.permission", "pk": 61, "fields": {"name": "Can add заказ", "content_type": 16, "codename": "add_order"}}, {"model": "auth.permission", "pk": 62, "fields": {"name": "Can change заказ", "content_type": 16, "codename": "change_order"}}, {"model": "auth.permission", "pk": 63, "fields": {"name": "Can delete заказ", "content_type": 16, "codename": "delete_order"}}, {"model": "auth.permission", "pk": 64, "fields": {"name": "Can view заказ", "content_type": 16, "codename": "view_order"}}, {"model": "auth.permission", "pk": 65, "fields": {"name": "Can add order item", "content_type": 17, "codename": "add_orderitem"}}, {"model": "auth.permission", "pk": 66, "fields": {"name": "Can change order item", "content_type": 17, "codename": "change_orderitem"}}, {"model": "auth.permission", "pk": 67, "fields": {"name": "Can delete order item", "content_type": 17, "codename": "delete_orderitem"}}, {"model": "auth.permission", "pk": 68, "fields": {"name": "Can view order item", "content_type": 17, "codename": "view_orderitem"}}, {"model": "sessions.session", "pk": "1f8nx5v3lpf2melc0gx9vrcdll8uorsn", "fields": {"session_data": ".eJxVjMsOwiAQRf-FtSE8SgGX7v0GMp1hpGogKe3K-O_apAvd3nPOfYkE21rS1vOSZhJnobU4_Y4T4CPXndAd6q1JbHVd5knuijxol9dG-Xk53L-DAr18a092YA7WMQOE6LN2HAc1KpOD4pHYWwRlOFoDDg2qjBStI-PBYNRBvD8SHjg_:1mJDAb:q5UZWI_d158InZioxntZGWikA2js-PYS1nTt6k3VQWg", "expire_date": "2021-09-09T14:03:41.322"}}, {"model": "sessions.session", "pk": "3dex7ac5bwcm8lwv23r9217i0dwv47sb", "fields": {"session_data": ".eJxVjMsOwiAQRf-FtSE8SgGX7v0GMp1hpGogKe3K-O_apAvd3nPOfYkE21rS1vOSZhJnobU4_Y4T4CPXndAd6q1JbHVd5knuijxol9dG-Xk53L-DAr18a092YA7WMQOE6LN2HAc1KpOD4pHYWwRlOFoDDg2qjBStI-PBYNRBvD8SHjg_:1mHTqO:nVqKmPymARZYhBY4fInunO-rGctGsbNRHfcdtPnpuus", "expire_date": "2021-09-04T19:27:40.477"}}, {"model": "sessions.session", "pk": "4vt9r3hey56iokja1k49g3qvph7dmv4q", "fields": {"session_data": ".eJxVjDsOgzAQRO_iOrK8Zv1LmZ4zWLvYxCSRkTBUUe4ekCiSbjTvzbxFpG0tcWt5iVMSVwHi8tsxDc9cD5AeVO-zHOa6LhPLQ5EnbbKfU37dTvfvoFAr-1qzdeBUBsCQGHRHZPaAbiTtbDCIHhMCdQEzG22118YrxWoMChME8fkCuXo2eQ:1m7w8r:20nkcqQrdOMJVJebRUgXl4nYnRtVULksdPnHmJ07d1c", "expire_date": "2021-08-09T11:39:17.894"}}, {"model": "sessions.session", "pk": "73rg6yjwjp1k7j39ao4le8s034eaxqtb", "fields": {"session_data": ".eJxVjMsOwiAQRf-FtSE8SgGX7v0GMp1hpGogKe3K-O_apAvd3nPOfYkE21rS1vOSZhJnobU4_Y4T4CPXndAd6q1JbHVd5knuijxol9dG-Xk53L-DAr18a092YA7WMQOE6LN2HAc1KpOD4pHYWwRlOFoDDg2qjBStI-PBYNRBvD8SHjg_:1mIbnU:_FOcLD7_beH22ZSX-g1WB-RF_tO9Qtmz6dGBrmfQM_s", "expire_date": "2021-09-07T22:09:20.915"}}, {"model": "sessions.session", "pk": "92e9i1l13cpym9lkd7oxaxj2us9ybgsb", "fields": {"session_data": ".eJxVjMEOgjAQRP-lZ9O0C9stHr37DWTLbgU1kFA4Gf9dm3DQ48x7My_T876N_V507ScxZ-O9Of2WiYeHzpXInefbYodl3tYp2arYgxZ7XUSfl8P9Oxi5jN81Ja8IjcOoig6xa4GbbpCWOiTIORICBqLMiWrG6B20IURuBFTQvD_bSzcC:1mE8In:oM879fKxalIw-rreyqsl7jTiZto2m7PFxX6JvhjjnzQ", "expire_date": "2021-08-26T13:51:09.924"}}, {"model": "sessions.session", "pk": "9mac8uj9sg1rm8ijrt6bvo3ykimn25ta", "fields": {"session_data": ".eJxVjDkOwjAURO_iGlm24oVQ0nMG62_GAeRIcVIh7o4jpYAp37yZt0qwrSVtTZY0sbooa9XpFyLQU-re8APqfdY013WZUO-KPtqmbzPL63q4fwcFWulrb9hEGHGIBC5zcINjCThmwbP44LkHkZEJItlgvImcDThHoSMJ6vMFOfc52Q:1mE8WJ:7466d4Tsz5xWbxyLYNrQuhh_7FyqYqXhKAK901LANG0", "expire_date": "2021-08-26T14:05:07.344"}}, {"model": "sessions.session", "pk": "bcepi9qzzdc1or75ejy19m87ddukvtsz", "fields": {"session_data": "e30:1mFh5J:7WQv_9eI8tL5wZOl_lqcZM6QTAcCwXvPGuxw0ultHS4", "expire_date": "2021-08-30T21:11:41.167"}}, {"model": "sessions.session", "pk": "e6oddvy1k3z2k7ijnvmizqb7dlmsnm67", "fields": {"session_data": ".eJxVjMsOwiAQRf-FtSE8SgGX7v0GMp1hpGogKe3K-O_apAvd3nPOfYkE21rS1vOSZhJnobU4_Y4T4CPXndAd6q1JbHVd5knuijxol9dG-Xk53L-DAr18a092YA7WMQOE6LN2HAc1KpOD4pHYWwRlOFoDDg2qjBStI-PBYNRBvD8SHjg_:1mIyv4:H_5fcUqCbAwOq-YAQ_z0FR6pyozM6MkvZv5a_Spevys", "expire_date": "2021-09-08T22:50:42.143"}}, {"model": "sessions.session", "pk": "gnl7xcvec6xbdt9c6alqe0dqy93u9vc7", "fields": {"session_data": ".eJxVjMsOwiAQRf-FtSE8SgGX7v0GMp1hpGogKe3K-O_apAvd3nPOfYkE21rS1vOSZhJnobU4_Y4T4CPXndAd6q1JbHVd5knuijxol9dG-Xk53L-DAr18a092YA7WMQOE6LN2HAc1KpOD4pHYWwRlOFoDDg2qjBStI-PBYNRBvD8SHjg_:1mE8Wl:Plu1jthSz_VttAJ92E_GhTUAAvopx4KIYYXar8kKHdM", "expire_date": "2021-08-26T14:05:35.868"}}, {"model": "sessions.session", "pk": "hd7yrxooole27iskw8djotyodgh2gwl3", "fields": {"session_data": "eyJuZXh0IjoiLyIsInZrLW9hdXRoMl9zdGF0ZSI6IndobFdCS09rRjFUZHRQSmJJVlBNb1hwdzhTQXl3TEdTIn0:1mGGvE:2kzXHRWi-3O5OoFMINbTG1MsOjVpWvgzhk4qjjaQJg8", "expire_date": "2021-09-01T11:27:40.171"}}, {"model": "sessions.session", "pk": "ktf1gmk1890cwbya315vmyp0vfr0jx8c", "fields": {"session_data": ".eJxVjDsOgzAQRO_iOrK8Zv1LmZ4zWLvYxCSRkTBUUe4ekCiSbjTvzbxFpG0tcWt5iVMSVwHi8tsxDc9cD5AeVO-zHOa6LhPLQ5EnbbKfU37dTvfvoFAr-1qzdeBUBsCQGHRHZPaAbiTtbDCIHhMCdQEzG22118YrxWoMChME8fkCuXo2eQ:1m7voY:CHmvSVW1dUBoVZZSlKb5fuoDKi40MUAKVSwalyTpnO0", "expire_date": "2021-08-09T11:18:18.134"}}, {"model": "sessions.session", "pk": "lc0qza0o7th6w881lpts6ipyd6659fy9", "fields": {"session_data": ".eJxVjMsOwiAQRf-FtSE8SgGX7v0GMp1hpGogKe3K-O_apAvd3nPOfYkE21rS1vOSZhJnobU4_Y4T4CPXndAd6q1JbHVd5knuijxol9dG-Xk53L-DAr18a092YA7WMQOE6LN2HAc1KpOD4pHYWwRlOFoDDg2qjBStI-PBYNRBvD8SHjg_:1mIbuq:_qlso6IQva700aZg-0RgqEsnYFlg3Gd1F_sJCXOhT5k", "expire_date": "2021-09-07T22:16:56.433"}}, {"model": "sessions.session", "pk": "msxh0tr8lbt2fletzvqnn0437i3pgk7h", "fields": {"session_data": ".eJxVjMsOwiAQRf-FtSE8SgGX7v0GMp1hpGogKe3K-O_apAvd3nPOfYkE21rS1vOSZhJnobU4_Y4T4CPXndAd6q1JbHVd5knuijxol9dG-Xk53L-DAr18a092YA7WMQOE6LN2HAc1KpOD4pHYWwRlOFoDDg2qjBStI-PBYNRBvD8SHjg_:1mH4IY:jucFslwojoMB6zVEHC3T9nBGGNDYMpMYqOPeEbp9Hkk", "expire_date": "2021-09-03T16:11:02.013"}}, {"model": "sessions.session", "pk": "ne3rt39s3rifuj3byx6qy35v0fj8trgl", "fields": {"session_data": ".eJxVjMsOwiAQRf-FtSE8SgGX7v0GMp1hpGogKe3K-O_apAvd3nPOfYkE21rS1vOSZhJnobU4_Y4T4CPXndAd6q1JbHVd5knuijxol9dG-Xk53L-DAr18a092YA7WMQOE6LN2HAc1KpOD4pHYWwRlOFoDDg2qjBStI-PBYNRBvD8SHjg_:1mIVxy:QV-caRjYhvN3bzwjf1TUc4t5x6XZQg6sKRfCqBS1zeM", "expire_date": "2021-09-07T15:55:46.159"}}, {"model": "sessions.session", "pk": "nhqlo3w95ft7nd2mtqu1t3yag5o4yi9g", "fields": {"session_data": ".eJxVjDsOwjAQBe_iGln-xD9K-pzB2ni9OIBsKU4qxN1JpBTQvpl5bxZhW0vcel7ijOzKDLv8bhOkZ64HwAfUe-Op1XWZJ34o_KSdjw3z63a6fwcFetlraQeZlcbgKaScjHYoJKBOJDxII4IKFCSSRUOgvbNm8DtJlqQCQsc-X99CN-Q:1mAAPS:DXIG0BcK5o1KPVku_qHdgrq3V8_GNkbCY93IFchR9qQ", "expire_date": "2021-08-15T15:17:38.588"}}, {"model": "sessions.session", "pk": "pc1tapm8vqx29kzofosn2rhhfo6vvabk", "fields": {"session_data": ".eJxVjMsOwiAQRf-FtSE8SgGX7v0GMp1hpGogKe3K-O_apAvd3nPOfYkE21rS1vOSZhJnobU4_Y4T4CPXndAd6q1JbHVd5knuijxol9dG-Xk53L-DAr18a092YA7WMQOE6LN2HAc1KpOD4pHYWwRlOFoDDg2qjBStI-PBYNRBvD8SHjg_:1mIbZE:A5Gn9o2uZEcvSF1XbaegymLr-hrCninwhwEl1lRGtd0", "expire_date": "2021-09-07T21:54:36.798"}}, {"model": "sessions.session", "pk": "pzvjyw5qqy2v7ygxecrfx37wrzks1ugs", "fields": {"session_data": ".eJxVjMsOwiAURP-FtSFe3rh07zcQLtxK1UBS2pXx36VJF7qaZOacebMQt7WErdMS5swuTLDTb4cxPanuQ37Eem88tbouM_Id4cfa-a1lel0P9u-gxF6GLbX1BuOZFKCk5B2CdBaNNV5ZgAmym5SSOpMTEkegFSgcKKGHpiT7fAHIyTcZ:1m7xNj:BOxQy3V8QOuvM91INKuOa_z8Wv6tEAl0s2eKMfkiwyw", "expire_date": "2021-08-09T12:58:43.722"}}, {"model": "sessions.session", "pk": "sxk4wbtpy76ik95lveawav6xpo0in3vk", "fields": {"session_data": ".eJxVjMsOwiAQRf-FtSE8SgGX7v0GMp1hpGogKe3K-O_apAvd3nPOfYkE21rS1vOSZhJnobU4_Y4T4CPXndAd6q1JbHVd5knuijxol9dG-Xk53L-DAr18a092YA7WMQOE6LN2HAc1KpOD4pHYWwRlOFoDDg2qjBStI-PBYNRBvD8SHjg_:1mISlQ:5bGJtAUBZyz7rheQ4gzjGSdKFSPePS6tNXxh9dRbFQI", "expire_date": "2021-09-07T12:30:36.614"}}, {"model": "sessions.session", "pk": "t1eva2iio3epog9kowr4daa116s7ps4a", "fields": {"session_data": ".eJxVjDsOgzAQRO_iOrK8Zv1LmZ4zWLvYxCSRkTBUUe4ekCiSbjTvzbxFpG0tcWt5iVMSVwHi8tsxDc9cD5AeVO-zHOa6LhPLQ5EnbbKfU37dTvfvoFAr-1qzdeBUBsCQGHRHZPaAbiTtbDCIHhMCdQEzG22118YrxWoMChME8fkCuXo2eQ:1m7k0S:quViSwa1n7wC68SJlCahoMi_tFk3Qwphgz3LPClI9cc", "expire_date": "2021-08-08T22:41:48.246"}}, {"model": "sessions.session", "pk": "u8ha1tcj93f1k4zw0mh6xz8tsesa9iv9", "fields": {"session_data": ".eJxVjMsOwiAQRf-FtSE8SgGX7v0GMp1hpGogKe3K-O_apAvd3nPOfYkE21rS1vOSZhJnobU4_Y4T4CPXndAd6q1JbHVd5knuijxol9dG-Xk53L-DAr18a092YA7WMQOE6LN2HAc1KpOD4pHYWwRlOFoDDg2qjBStI-PBYNRBvD8SHjg_:1mIcPQ:xJ91vmb63zWpcGX3_xcm3XPO5hjUIZLVrv01M5aQrH0", "expire_date": "2021-09-07T22:48:32.588"}}, {"model": "sessions.session", "pk": "vvvl8uc15hwinohrlkcy7s5d06f74kx0", "fields": {"session_data": ".eJxVjDsOgzAQRO_iOrK8Zv1LmZ4zWLvYxCSRkTBUUe4ekCiSbjTvzbxFpG0tcWt5iVMSVwHi8tsxDc9cD5AeVO-zHOa6LhPLQ5EnbbKfU37dTvfvoFAr-1qzdeBUBsCQGHRHZPaAbiTtbDCIHhMCdQEzG22118YrxWoMChME8fkCuXo2eQ:1m7vxS:X-jUczwHPQPGEFamDDptix0jdq28Cbw2q821wfWgKao", "expire_date": "2021-08-09T11:27:30.187"}}, {"model": "sessions.session", "pk": "w7ugioaxymlfr0uvi7tng68htszxk6ov", "fields": {"session_data": "eyJuZXh0IjoiLyIsInZrLW9hdXRoMl9zdGF0ZSI6Ik9xYXVydllYUjVISlQ0NURFMkFuS3J0QnJTT2xEcmVQIn0:1mGIe6:AtH60Al1VnntzC_4IVIuDlWEza9H8txNJUeRj_05gcU", "expire_date": "2021-09-01T13:18:06.065"}}, {"model": "sessions.session", "pk": "xby6hp7b2fjq1y8zgg7iqcttjkavykud", "fields": {"session_data": ".eJxVjMsOwiAQRf-FtSE8SgGX7v0GMp1hpGogKe3K-O_apAvd3nPOfYkE21rS1vOSZhJnobU4_Y4T4CPXndAd6q1JbHVd5knuijxol9dG-Xk53L-DAr18a092YA7WMQOE6LN2HAc1KpOD4pHYWwRlOFoDDg2qjBStI-PBYNRBvD8SHjg_:1mIT4L:CuYFWuu_oI4x4JwQoSBmcIZqmejIYFP1o-u2Pj5FvME", "expire_date": "2021-09-07T12:50:09.912"}}, {"model": "sessions.session", "pk": "xu27uohys68jt3vt4nrzx3yowpj2lfrl", "fields": {"session_data": ".eJxVjDsOgzAQRO_iOrK8Zv1LmZ4zWLvYxCSRkTBUUe4ekCiSbjTvzbxFpG0tcWt5iVMSVwHi8tsxDc9cD5AeVO-zHOa6LhPLQ5EnbbKfU37dTvfvoFAr-1qzdeBUBsCQGHRHZPaAbiTtbDCIHhMCdQEzG22118YrxWoMChME8fkCuXo2eQ:1m7xEF:2E3PAtAetkNi4fY5dzpzZ7LEqK_ZmgxIosR8_0uFxBw", "expire_date": "2021-08-09T12:48:55.641"}}, {"model": "sessions.session", "pk": "yq8mt1rcngexbl185pn9hnel7irijn8v", "fields": {"session_data": ".eJxVjMsOwiAQRf-FtSE8SgGX7v0GMp1hpGogKe3K-O_apAvd3nPOfYkE21rS1vOSZhJnobU4_Y4T4CPXndAd6q1JbHVd5knuijxol9dG-Xk53L-DAr18a092YA7WMQOE6LN2HAc1KpOD4pHYWwRlOFoDDg2qjBStI-PBYNRBvD8SHjg_:1mJBNT:PEcMwcSyExUfzDXTAV_DhZa1xetnjh4CNXyqvpDwyTY", "expire_date": "2021-09-09T12:08:51.769"}}, {"model": "sessions.session", "pk": "zz95rzqdqnknhv6wpgj1uk1buztouqq8", "fields": {"session_data": "eyJuZXh0IjoiLyIsInZrLW9hdXRoMl9zdGF0ZSI6IndDUHBPbTNSMHNDSHQ2NjZaT1pJMmhmVDN2T0lsQmJCIn0:1mGGqT:kOSde0y-qjKcaRX8N59AXU8wknqMwkmrguipUjdGNcA", "expire_date": "2021-09-01T11:22:45.787"}}, {"model": "social_django.usersocialauth", "pk": 11, "fields": {"user": 51, "provider": "odnoklassniki-oauth2", "uid": "107955373323", "extra_data": "{\"auth_time\": 1629465035, \"refresh_token\": \"3255056495cde6ac6190bc26ec571b9958d8ac844_107955373323_168\", \"expires\": \"1800\", \"access_token\": \"-s-0WEL4KB4D5YHzZBIhU-wsW7-dPIwsd9lE2XH08zGiVYHqb\", \"token_type\": null}", "created": "2021-08-20T10:35:42.403", "modified": "2021-08-20T16:10:35.593"}}, {"model": "social_django.usersocialauth", "pk": 12, "fields": {"user": 52, "provider": "vk-oauth2", "uid": "96696609", "extra_data": "{\"auth_time\": 1629832590, \"id\": 96696609, \"expires\": 86400, \"access_token\": \"196ebae417592b6ad08ea2f8cd2076c9cbba9492f2f0668da6d697f1c4f2efcd808e61c1c691ab233e213\", \"token_type\": null}", "created": "2021-08-20T16:10:45.021", "modified": "2021-08-24T22:16:30.143"}}, {"model": "mainapp.productcategory", "pk": 32, "fields": {"name": "дом", "description": "домашняя утварь", "is_active": true, "created": "2021-08-11T15:25:33.738", "updated": "2021-08-14T15:58:48.168"}}, {"model": "mainapp.productcategory", "pk": 33, "fields": {"name": "офис", "description": "от клерков до директоров", "is_active": true, "created": "2021-08-11T15:25:33.883", "updated": "2021-08-14T15:59:53.184"}}, {"model": "mainapp.productcategory", "pk": 34, "fields": {"name": "модерн", "description": "модная и дорогая", "is_active": true, "created": "2021-08-11T15:25:33.992", "updated": "2021-08-14T15:59:37.013"}}, {"model": "mainapp.productcategory", "pk": 35, "fields": {"name": "классика", "description": "нестареющая классическая мебель и предметы интерьера", "is_active": true, "created": "2021-08-11T15:25:34.192", "updated": "2021-08-14T15:59:18.373"}}, {"model": "mainapp.productcategory", "pk": 36, "fields": {"name": "прочее", "description": "все, что не вошло в др. категории", "is_active": true, "created": "2021-08-11T15:25:34.335", "updated": "2021-08-14T16:00:58.940"}}, {"model": "mainapp.product", "pk": 161, "fields": {"category": 32, "name": "лампа", "short_desc": "лампа белая чухонская", "image": "products_images/product-01.jpg", "description": "овальная лампа настольного типа", "price": "100.00", "quantity": 5, "is_active": true}}, {"model": "mainapp.product", "pk": 162, "fields": {"category": 33, "name": "стул", "short_desc": "стул синий", "image": "products_images/product-02.jpg", "description": "отличные стулья впишутся в любой интерьер", "price": "200.00", "quantity": 12, "is_active": true}}, {"model": "mainapp.product", "pk": 163, "fields": {"category": 34, "name": "чайник", "short_desc": "чайник белый наклонный", "image": "products_images/product-03.jpg", "description": "супермощный чайник для церемоний", "price": "300.00", "quantity": 3, "is_active": true}}, {"model": "mainapp.product", "pk": 164, "fields": {"category": 35, "name": "диван", "short_desc": "диван серый обеденный", "image": "products_images/product-04.jpg", "description": "на диване можно \"все\"", "price": "400.00", "quantity": 4, "is_active": true}}, {"model": "mainapp.product", "pk": 165, "fields": {"category": 36, "name": "стул", "short_desc": "стул красный - опасный", "image": "products_images/product-05.jpg", "description": "я бы сказал - табурет, но стул", "price": "500.00", "quantity": 3, "is_active": true}}, {"model": "mainapp.product", "pk": 166, "fields": {"category": 32, "name": "часы", "short_desc": "часы настенные", "image": "products_images/product-06.jpg", "description": "часы без циферок - для \"счастливых\"", "price": "600.00", "quantity": 5, "is_active": true}}, {"model": "mainapp.product", "pk": 167, "fields": {"category": 33, "name": "люстра", "short_desc": "люстра потолковая", "image": "products_images/product-07.jpg", "description": "люстра со свернутой \"башкой\"", "price": "700.00", "quantity": 3, "is_active": true}}, {"model": "mainapp.product", "pk": 168, "fields": {"category": 34, "name": "подушка", "short_desc": "подушка красная", "image": "products_images/product-08.jpg", "description": "странная подушка для маленькой лягушки", "price": "800.00", "quantity": 6, "is_active": true}}, {"model": "mainapp.product", "pk": 169, "fields": {"category": 35, "name": "торшер", "short_desc": "торшер прикольный", "image": "products_images/product-09.jpg", "description": "архаизм и пережиток прошлого", "price": "900.00", "quantity": 4, "is_active": true}}, {"model": "mainapp.product", "pk": 170, "fields": {"category": 36, "name": "кресло", "short_desc": "кресло белое", "image": "products_images/product-10.jpg", "description": "кресло для пиженов", "price": "1000.00", "quantity": 23, "is_active": true}}, {"model": "mainapp.product", "pk": 171, "fields": {"category": 32, "name": "лампа", "short_desc": "лампа настольная", "image": "products_images/product-11.jpg", "description": "лампа с изогнутыми линиями - ЭЛЕГАНТ", "price": "1100.00", "quantity": 11, "is_active": true}}, {"model": "mainapp.product", "pk": 172, "fields": {"category": 33, "name": "бра", "short_desc": "бра конусообразная", "image": "products_images/product-12.jpg", "description": "бра классический", "price": "1200.00", "quantity": 3, "is_active": true}}, {"model": "mainapp.product", "pk": 173, "fields": {"category": 34, "name": "посуда", "short_desc": "чашка для измельчения", "image": "products_images/product-13.jpg", "description": "для рабыни Изауры - лучшее применение", "price": "1300.00", "quantity": 6, "is_active": true}}, {"model": "mainapp.product", "pk": 174, "fields": {"category": 35, "name": "ваза", "short_desc": "ваза белая (косая)", "image": "products_images/product-14.jpg", "description": "косое горлышко - изящный дизайн", "price": "1400.00", "quantity": 7, "is_active": true}}, {"model": "mainapp.product", "pk": 175, "fields": {"category": 36, "name": "люстра", "short_desc": "лампочка Ильича", "image": "products_images/product-15.jpg", "description": "в цеху такие лампы были…", "price": "1500.00", "quantity": 34, "is_active": true}}, {"model": "mainapp.product", "pk": 176, "fields": {"category": 32, "name": "диван", "short_desc": "диван синий", "image": "products_images/product-16.jpg", "description": "диван синий более подробно...", "price": "15900.00", "quantity": 2, "is_active": true}}, {"model": "mainapp.product", "pk": 177, "fields": {"category": 35, "name": "диван", "short_desc": "диван красный", "image": "products_images/product-17.jpg", "description": "диван красный более подробно…", "price": "16900.00", "quantity": 3, "is_active": true}}, {"model": "mainapp.product", "pk": 178, "fields": {"category": 32, "name": "диван", "short_desc": "красный велюровый диван", "image": "products_images/product-18.jpg", "description": "красный велюровый диван более подробно…", "price": "22000.00", "quantity": 4, "is_active": true}}, {"model": "mainapp.product", "pk": 179, "fields": {"category": 34, "name": "диван", "short_desc": "коричневый диван", "image": "products_images/product-19.jpg", "description": "коричневый диван более подробно…", "price": "18700.00", "quantity": 5, "is_active": true}}, {"model": "mainapp.product", "pk": 180, "fields": {"category": 32, "name": "диван", "short_desc": "кожанный угловой диван", "image": "products_images/product-20.jpg", "description": "кожанный угловой диван более подробно…", "price": "15300.00", "quantity": 6, "is_active": true}}, {"model": "mainapp.product", "pk": 181, "fields": {"category": 35, "name": "диван", "short_desc": "диван из зеленой кожи", "image": "products_images/product-21.jpg", "description": "диван из зеленой кожи более подробно…", "price": "11000.00", "quantity": 7, "is_active": true}}, {"model": "mainapp.product", "pk": 182, "fields": {"category": 34, "name": "диван", "short_desc": "пестренькая тахиа", "image": "products_images/product-22.jpg", "description": "пестренькая тахиа более подробно…", "price": "29700.00", "quantity": 5, "is_active": true}}, {"model": "mainapp.product", "pk": 183, "fields": {"category": 32, "name": "диван", "short_desc": "белый угловой диван", "image": "products_images/product-23.jpg", "description": "белый угловой диван более подробно…", "price": "13111.00", "quantity": 3, "is_active": true}}, {"model": "mainapp.product", "pk": 184, "fields": {"category": 35, "name": "диван", "short_desc": "белый кожаный диванчик", "image": "products_images/product-24.jpg", "description": "белый кожаный диванчик более подробно…", "price": "14000.00", "quantity": 2, "is_active": true}}, {"model": "mainapp.product", "pk": 185, "fields": {"category": 34, "name": "диван", "short_desc": "диван цвета детской неожиданности", "image": "products_images/product-25.jpg", "description": "диван цвета детской неожиданности более подробно…", "price": "16000.00", "quantity": 2, "is_active": true}}, {"model": "mainapp.product", "pk": 186, "fields": {"category": 36, "name": "стул", "short_desc": "неведома зверушка", "image": "products_images/product-26.jpg", "description": "неведома зверушка более подробно…", "price": "1500.00", "quantity": 7, "is_active": true}}, {"model": "mainapp.product", "pk": 187, "fields": {"category": 34, "name": "стул", "short_desc": "пластиковый косичкой", "image": "products_images/product-27.jpg", "description": "пластиковый косичкой более подробно…", "price": "2300.00", "quantity": 8, "is_active": true}}, {"model": "mainapp.product", "pk": 188, "fields": {"category": 33, "name": "стул", "short_desc": "черный офисный", "image": "products_images/product-28.jpg", "description": "черный офисный более подробно…", "price": "3500.00", "quantity": 9, "is_active": true}}, {"model": "mainapp.product", "pk": 189, "fields": {"category": 35, "name": "стул", "short_desc": "дерево под старину", "image": "products_images/product-29.jpg", "description": "дерево под старину более подробно…", "price": "3700.00", "quantity": 2, "is_active": true}}, {"model": "mainapp.product", "pk": 190, "fields": {"category": 33, "name": "стул", "short_desc": "синий офисный", "image": "products_images/product-30.jpg", "description": "синий офисный более подробно…", "price": "4000.00", "quantity": 4, "is_active": true}}, {"model": "mainapp.product", "pk": 191, "fields": {"category": 34, "name": "стул", "short_desc": "желтый ущербный", "image": "products_images/product-31.jpg", "description": "желтый ущербный более подробно…", "price": "3450.00", "quantity": 5, "is_active": true}}, {"model": "mainapp.product", "pk": 192, "fields": {"category": 32, "name": "стул", "short_desc": "оранжевый", "image": "products_images/product-32.jpg", "description": "оранжевый более подробно…", "price": "4500.00", "quantity": 7, "is_active": true}}, {"model": "mainapp.product", "pk": 193, "fields": {"category": 35, "name": "стул", "short_desc": "из прошлого столетия", "image": "products_images/product-33.jpg", "description": "из прошлого столетия более подробно…", "price": "4680.00", "quantity": 8, "is_active": true}}, {"model": "mainapp.product", "pk": 194, "fields": {"category": 34, "name": "стул", "short_desc": "желтый непонятный", "image": "products_images/product-34.jpg", "description": "желтый непонятный более подробно…", "price": "4000.00", "quantity": 4, "is_active": true}}, {"model": "mainapp.product", "pk": 195, "fields": {"category": 35, "name": "стул", "short_desc": "нестареющпя классика", "image": "products_images/product-35.jpg", "description": "нестареющпя классика более подробно…", "price": "1200.00", "quantity": 7, "is_active": true}}, {"model": "mainapp.product", "pk": 196, "fields": {"category": 32, "name": "стул", "short_desc": "желтый на деревянных ножках2", "image": "products_images/product-36.jpg", "description": "желтый на деревянных ножках более подробно…", "price": "1300.00", "quantity": 3, "is_active": true}}, {"model": "mainapp.product", "pk": 197, "fields": {"category": 34, "name": "стул", "short_desc": "прозрачный из оргстекла", "image": "products_images/product-37.jpg", "description": "прозрачный из оргстекла более подробно…", "price": "1500.00", "quantity": 6, "is_active": true}}, {"model": "mainapp.product", "pk": 198, "fields": {"category": 35, "name": "диван", "short_desc": "коричневый велюровый", "image": "products_images/product-38.jpg", "description": "коричневый велюровый более подробно…", "price": "1900.00", "quantity": 1, "is_active": true}}, {"model": "mainapp.product", "pk": 199, "fields": {"category": 32, "name": "1_диван без фото", "short_desc": "тестовая позиция", "image": "", "description": "просто так", "price": "1000.00", "quantity": 8, "is_active": true}}, {"model": "authapp.shopuser", "pk": 2, "fields": {"password": "pbkdf2_sha256$260000$X7yvd4vZz1EURasItWBW22$9eRhvjUgQgg99OEBeVOySDTeAjVsj8Rha1uNVwrAR2s=", "last_login": "2021-07-26T12:58:43.761", "is_superuser": false, "username": "kuznetsov1", "first_name": "сложная учетка", "last_name": "", "email": "ksn1974@mail.ru", "is_staff": false, "is_active": true, "date_joined": "2021-07-26T12:58:20.766", "avatar": "", "age": 35, "activation_key": "", "activation_key_expires": "2021-08-16T18:02:34.967", "groups": [], "user_permissions": []}}, {"model": "authapp.shopuser", "pk": 3, "fields": {"password": "pbkdf2_sha256$260000$E0wOFPWT90vNYcick1eetG$EuhdI6PCS+34ldg9uQTWiSQqhz1m7sHfcORs4u2wKaQ=", "last_login": "2021-07-26T15:02:16.386", "is_superuser": false, "username": "kuznetsov2", "first_name": "Сергей", "last_name": "", "email": "ksn1974@mail.ru", "is_staff": false, "is_active": true, "date_joined": "2021-07-26T15:02:05.932", "avatar": "users_avatars/небритый_круг.png", "age": 33, "activation_key": "", "activation_key_expires": "2021-08-16T18:02:34.967", "groups": [], "user_permissions": []}}, {"model": "authapp.shopuser", "pk": 4, "fields": {"password": "pbkdf2_sha256$260000$dAYAlWCj98apxEchhUHswv$091TGWX9c2J8kIA/dxxmGnbpayblO5IAQ8wfQAJ1ero=", "last_login": "2021-07-26T15:06:23.617", "is_superuser": true, "username": "kuznetsov24", "first_name": "Имя пользователя4", "last_name": "", "email": "ksn1974@mail.ru", "is_staff": true, "is_active": false, "date_joined": "2021-07-26T15:05:59.945", "avatar": "", "age": 332, "activation_key": "", "activation_key_expires": "2021-08-16T18:02:34.967", "groups": [], "user_permissions": []}}, {"model": "authapp.shopuser", "pk": 6, "fields": {"password": "pbkdf2_sha256$260000$R5rabXqdq9aU8KlvtwOQHH$JYJdGhqbJWLgIjAQ7Bs/N52q53dhbBSOH6BkbS/8Y2o=", "last_login": null, "is_superuser": false, "username": "kuznetsov5", "first_name": "Сергей", "last_name": "", "email": "ksn1974@mail.ru", "is_staff": false, "is_active": true, "date_joined": "2021-08-04T14:15:41.287", "avatar": "", "age": 332, "activation_key": "", "activation_key_expires": "2021-08-16T18:02:34.967", "groups": [], "user_permissions": []}}, {"model": "authapp.shopuser", "pk": 7, "fields": {"password": "pbkdf2_sha256$260000$IuUinrPSULP2SuAgvddLAW$t+Voa8cYhVr9EuUkiuSr2kmtg+S4iNq7eL1eGZjEaXk=", "last_login": "2021-08-05T17:52:01.451", "is_superuser": true, "username": "kuznetsov4", "first_name": "", "last_name": "", "email": "ksn1974@mail.ru", "is_staff": true, "is_active": false, "date_joined": "2021-08-05T17:51:44.954", "avatar": "", "age": 332, "activation_key": "", "activation_key_expires": "2021-08-16T18:02:34.967", "groups": [], "user_permissions": []}}, {"model": "authapp.shopuser", "pk": 8, "fields": {"password": "pbkdf2_sha256$260000$0MgO6vTZ6YF1LNZOUtGqgN$SM28KpCNs0SxxfDToAr+KfeqVCR//CA2XgVst7TxFDI=", "last_login": "2021-08-05T17:58:48.411", "is_superuser": true, "username": "kuznetsov6", "first_name": "Серега", "last_name": "", "email": "ksn1974@mail.ru", "is_staff": true, "is_active": true, "date_joined": "2021-08-05T17:58:39.768", "avatar": "users_avatars/на_белом_фоне.png", "age": 33, "activation_key": "", "activation_key_expires": "2021-08-16T18:02:34.967", "groups": [], "user_permissions": []}}, {"model": "authapp.shopuser", "pk": 9, "fields": {"password": "pbkdf2_sha256$260000$1LM3gFU3mj5Re6vqzflo5E$ExXd2FUgonv8ouSj+wTQSrR1fX4Q3jCKo/eH5OtkG5o=", "last_login": "2021-08-05T18:04:59.091", "is_superuser": true, "username": "kuznetsov7", "first_name": "", "last_name": "", "email": "ksn1974@mail.ru", "is_staff": true, "is_active": true, "date_joined": "2021-08-05T18:03:28.814", "avatar": "users_avatars/cat_avatar_WNZ4u44.jpg", "age": 331, "activation_key": "", "activation_key_expires": "2021-08-16T18:02:34.967", "groups": [], "user_permissions": []}}, {"model": "authapp.shopuser", "pk": 11, "fields": {"password": "pbkdf2_sha256$260000$IjNHvNAdsylefmDCiiJYDA$hgWH5LhaDCkOMcBZ584tp4SvlXV/oWhhaeXd4SIP60I=", "last_login": "2021-08-26T14:03:41.314", "is_superuser": true, "username": "kuznetsov", "first_name": "Сергей", "last_name": "", "email": "ksn1974@mail.ru", "is_staff": true, "is_active": true, "date_joined": "2021-08-11T15:17:56.363", "avatar": "users_avatars/небритый_круг_8G5dIpG.png", "age": 33, "activation_key": "", "activation_key_expires": "2021-08-16T18:02:34.967", "groups": [], "user_permissions": []}}, {"model": "authapp.shopuser", "pk": 12, "fields": {"password": "pbkdf2_sha256$260000$NtkDjuehOFGwFvtf30tzdH$e6yCM3ZTBeakuiuZCSh+udzrh3Su+QXvHZswEOxW0kk=", "last_login": null, "is_superuser": false, "username": "kuznetsov555", "first_name": "Сергей", "last_name": "", "email": "ksn1974@mail.ru", "is_staff": false, "is_active": false, "date_joined": "2021-08-11T19:26:54.244", "avatar": "", "age": 24, "activation_key": "", "activation_key_expires": "2021-08-16T18:02:34.967", "groups": [], "user_permissions": []}}, {"model": "authapp.shopuser", "pk": 13, "fields": {"password": "pbkdf2_sha256$260000$zjeQvCMahzUMNPjxTvzTQT$1PQVj7Bk2FinvmbTIutUTjOtTITSKJXt12E1+eWNXyE=", "last_login": null, "is_superuser": false, "username": "ku-ku", "first_name": "Sergey", "last_name": "", "email": "ksn1974@mail.ru", "is_staff": false, "is_active": true, "date_joined": "2021-08-11T19:27:42.099", "avatar": "", "age": 24, "activation_key": "", "activation_key_expires": "2021-08-16T18:02:34.967", "groups": [], "user_permissions": []}}, {"model": "authapp.shopuser", "pk": 14, "fields": {"password": "pbkdf2_sha256$260000$oADZo0Rumu2yr1ZRZMTJnf$gwNMQRq3YNxZajQKclTJhODCld62vXyjE5tLgdVo7yk=", "last_login": null, "is_superuser": false, "username": "Пользователь", "first_name": "Сергей-воробей", "last_name": "", "email": "", "is_staff": false, "is_active": true, "date_joined": "2021-08-12T12:27:06.808", "avatar": "", "age": 22, "activation_key": "", "activation_key_expires": "2021-08-16T18:02:34.967", "groups": [], "user_permissions": []}}, {"model": "authapp.shopuser", "pk": 15, "fields": {"password": "pbkdf2_sha256$260000$S7SZTh7dsAC8atxrSVnJn6$+F1+A2h+duzMHsU1ucRShMBZ1UZAGzLGOVjKAsvAbPM=", "last_login": null, "is_superuser": false, "username": "Пользователь1", "first_name": "Сергей-воробей1", "last_name": "", "email": "", "is_staff": false, "is_active": true, "date_joined": "2021-08-12T12:29:52.475", "avatar": "", "age": 23, "activation_key": "", "activation_key_expires": "2021-08-16T18:02:34.967", "groups": [], "user_permissions": []}}, {"model": "authapp.shopuser", "pk": 24, "fields": {"password": "pbkdf2_sha256$260000$XI2BvsdzC7b7xP2B30FMFd$b4BC4PQB1nwjo5Yt78OQqqCpon52DUJTAW5jTwKks9Q=", "last_login": null, "is_superuser": false, "username": "Kuznetsov_user", "first_name": "Sergey kuznetsov", "last_name": "", "email": "ksn1974@mail.ru", "is_staff": false, "is_active": false, "date_joined": "2021-08-14T17:39:14.155", "avatar": "", "age": 43, "activation_key": "", "activation_key_expires": "2021-08-16T18:02:34.967", "groups": [], "user_permissions": []}}, {"model": "authapp.shopuser", "pk": 25, "fields": {"password": "pbkdf2_sha256$260000$KvfToy7EVixob7NoBktrNU$C22eksqjOn1cNXoGkKYw3XcLhviFf6rjkuI2rp4Y6O8=", "last_login": null, "is_superuser": false, "username": "Kuznetsov_user2", "first_name": "Sergey kuznetsov2", "last_name": "", "email": "ksn1974@mail.ru", "is_staff": false, "is_active": false, "date_joined": "2021-08-14T17:39:54.252", "avatar": "", "age": 43, "activation_key": "", "activation_key_expires": "2021-08-16T18:02:34.967", "groups": [], "user_permissions": []}}, {"model": "authapp.shopuser", "pk": 29, "fields": {"password": "pbkdf2_sha256$260000$1bdqq5FFRHRzlzp1vGyii9$L6gW3U6oMoczzMIRSlM+7geNT5tLKND5P1LgQpH3qQs=", "last_login": "2021-08-14T19:07:57.547", "is_superuser": false, "username": "tetst777", "first_name": "test777", "last_name": "", "email": "rrr@ggg.yy", "is_staff": false, "is_active": true, "date_joined": "2021-08-14T19:07:19.611", "avatar": "", "age": 33, "activation_key": "bf48dc02c9487ae99bdc343c90061405a3e594f3", "activation_key_expires": "2021-08-16T19:06:28.710", "groups": [], "user_permissions": []}}, {"model": "authapp.shopuser", "pk": 30, "fields": {"password": "pbkdf2_sha256$260000$ipuv8gj4t53VwYoiLGT33t$ZMl8R9kDPMBBTOeQKGqCJqLbFsgAfD1SZ5bhdAEF914=", "last_login": "2021-08-16T16:33:05.712", "is_superuser": false, "username": "test_user33", "first_name": "Сергей воробей", "last_name": "", "email": "ksn@ttt.rr", "is_staff": false, "is_active": true, "date_joined": "2021-08-16T16:31:34.557", "avatar": "", "age": 54, "activation_key": "e3a3973676bd12f7deaf856ed4844fc103e64a6d", "activation_key_expires": "2021-08-18T10:39:25.217", "groups": [], "user_permissions": []}}, {"model": "authapp.shopuser", "pk": 31, "fields": {"password": "pbkdf2_sha256$260000$3to8l6wx3l1GTDde34Kn4T$R0ea5tSx2Kw69gxoB0BmnSgqv2GKvqPcW4/E7LXXGZ0=", "last_login": null, "is_superuser": false, "username": "user_test44", "first_name": "User_test44", "last_name": "", "email": "ksn@uuu.tr", "is_staff": false, "is_active": false, "date_joined": "2021-08-16T16:50:04.798", "avatar": "", "age": 54, "activation_key": "1fcf122a8caaa17ec2c10d0bc8ed288d91f58c5b", "activation_key_expires": "2021-08-18T16:49:17.591", "groups": [], "user_permissions": []}}, {"model": "authapp.shopuser", "pk": 32, "fields": {"password": "pbkdf2_sha256$260000$3mXVXWjK150Rc8nQ2Kni5f$yTKxjn9cRdEoEAsJc9TT+M62dLWrCKkv6/VdvxRiyRg=", "last_login": null, "is_superuser": false, "username": "test_user_77", "first_name": "test_user_77", "last_name": "", "email": "yyy@ddd.tt", "is_staff": false, "is_active": false, "date_joined": "2021-08-16T16:52:20.721", "avatar": "", "age": 65, "activation_key": "095acb87a9e97f083ca2c0a5e2024ac85d75b807", "activation_key_expires": "2021-08-18T16:51:29.934", "groups": [], "user_permissions": []}}, {"model": "authapp.shopuser", "pk": 33, "fields": {"password": "pbkdf2_sha256$260000$JbekoxHzj2QCaOsZRz39LL$/m+bvYgQrLSD/euklspwWB1io4Ly80w8iBK4iD0OM58=", "last_login": "2021-08-16T16:55:40.788", "is_superuser": false, "username": "user_tmp_99", "first_name": "userTmp99", "last_name": "", "email": "yy@rr.yy", "is_staff": false, "is_active": true, "date_joined": "2021-08-16T16:55:05.225", "avatar": "", "age": 77, "activation_key": "80b34ea52624573d3fff84f4879b5ca35cd4a0ee", "activation_key_expires": "2021-08-18T16:54:07.729", "groups": [], "user_permissions": []}}, {"model": "authapp.shopuser", "pk": 51, "fields": {"password": "!F7n3XCEzsYGKIP1wIZ3hdk3drTiXjJmk3UYWpx5v", "last_login": "2021-08-20T16:10:35.738", "is_superuser": false, "username": "107955373323", "first_name": "Сергей", "last_name": "Кузнецов", "email": "", "is_staff": false, "is_active": true, "date_joined": "2021-08-20T10:35:42.395", "avatar": "https://i.mycdn.me/image?id=457436907531&t=33&plc=API&aid=512001258891&tkn=*pPEiWIlEWP8Bhg8KAxykIoRX8NE", "age": 18, "activation_key": "", "activation_key_expires": "2021-08-22T10:35:34.221", "groups": [], "user_permissions": []}}, {"model": "authapp.shopuser", "pk": 52, "fields": {"password": "!dKN7cUM1S9yf5DcYMFP9SsZ4eLY6BGsVlYKElZNm", "last_login": "2021-08-24T22:16:30.219", "is_superuser": false, "username": "id96696609", "first_name": "Сергей", "last_name": "Кузнецов", "email": "ksn1974@mail.ru", "is_staff": true, "is_active": true, "date_joined": "2021-08-20T16:10:45", "avatar": "https://sun9-74.userapi.com/s/v1/ig2/Kr3cwBP3XHle7unTbJ4peHOr7vEPqxk4VcVpEMue4mQl6LiFrDLdp2T64Avs5GrE6bTNJ8cfPqkP6UnZFnrC46xc.jpg?size=400x400&quality=96&crop=6,0,1767,1767&ava=1", "age": 18, "activation_key": "", "activation_key_expires": "2021-08-22T16:09:57", "groups": [], "user_permissions": []}}, {"model": "authapp.shopuser", "pk": 53, "fields": {"password": "pbkdf2_sha256$260000$jIOqpFOePhZOFwZGcDwMrD$DbyqoMmWq8UgW2GlbY9xGsGC5YsY8JZ7c/9UyWWhf9I=", "last_login": null, "is_superuser": false, "username": "ivanova", "first_name": "Наташа", "last_name": "Иванова", "email": "inn-1979@mail.ru", "is_staff": true, "is_active": true, "date_joined": "2021-08-24T21:55:11.730", "avatar": "users_avatars/cat_avatar_3OHAUWi.jpg", "age": 18, "activation_key": "775e0652e9bd59e5384164a5b8dfe8e02257e23c", "activation_key_expires": "2021-08-26T21:54:16.685", "groups": [], "user_permissions": []}}, {"model": "authapp.shopuserprofile", "pk": 45, "fields": {"user": 2, "tagline": "", "about_me": "", "gender": ""}}, {"model": "authapp.shopuserprofile", "pk": 46, "fields": {"user": 3, "tagline": "", "about_me": "", "gender": ""}}, {"model": "authapp.shopuserprofile", "pk": 47, "fields": {"user": 4, "tagline": "", "about_me": "", "gender": ""}}, {"model": "authapp.shopuserprofile", "pk": 48, "fields": {"user": 6, "tagline": "", "about_me": "", "gender": ""}}, {"model": "authapp.shopuserprofile", "pk": 49, "fields": {"user": 7, "tagline": "", "about_me": "", "gender": ""}}, {"model": "authapp.shopuserprofile", "pk": 50, "fields": {"user": 8, "tagline": "", "about_me": "", "gender": ""}}, {"model": "authapp.shopuserprofile", "pk": 51, "fields": {"user": 9, "tagline": "", "about_me": "", "gender": ""}}, {"model": "authapp.shopuserprofile", "pk": 52, "fields": {"user": 11, "tagline": "", "about_me": "", "gender": ""}}, {"model": "authapp.shopuserprofile", "pk": 53, "fields": {"user": 12, "tagline": "", "about_me": "", "gender": ""}}, {"model": "authapp.shopuserprofile", "pk": 54, "fields": {"user": 13, "tagline": "", "about_me": "", "gender": ""}}, {"model": "authapp.shopuserprofile", "pk": 55, "fields": {"user": 14, "tagline": "", "about_me": "", "gender": ""}}, {"model": "authapp.shopuserprofile", "pk": 56, "fields": {"user": 15, "tagline": "", "about_me": "", "gender": ""}}, {"model": "authapp.shopuserprofile", "pk": 57, "fields": {"user": 24, "tagline": "", "about_me": "", "gender": ""}}, {"model": "authapp.shopuserprofile", "pk": 58, "fields": {"user": 25, "tagline": "", "about_me": "", "gender": ""}}, {"model": "authapp.shopuserprofile", "pk": 59, "fields": {"user": 29, "tagline": "", "about_me": "", "gender": ""}}, {"model": "authapp.shopuserprofile", "pk": 60, "fields": {"user": 30, "tagline": "", "about_me": "", "gender": ""}}, {"model": "authapp.shopuserprofile", "pk": 61, "fields": {"user": 31, "tagline": "", "about_me": "", "gender": ""}}, {"model": "authapp.shopuserprofile", "pk": 62, "fields": {"user": 32, "tagline": "", "about_me": "", "gender": ""}}, {"model": "authapp.shopuserprofile", "pk": 63, "fields": {"user": 33, "tagline": "", "about_me": "", "gender": ""}}, {"model": "authapp.shopuserprofile", "pk": 75, "fields": {"user": 51, "tagline": "", "about_me": "Офигенную жизнь и чашечку кофе, пожалуйста...)))*", "gender": "M"}}, {"model": "authapp.shopuserprofile", "pk": 76, "fields": {"user": 52, "tagline": "", "about_me": "Позиция:\nОфигенную жизнь 🍀 и чашечку кофе ☕, пожалуйста...", "gender": "M"}}, {"model": "authapp.shopuserprofile", "pk": 77, "fields": {"user": 53, "tagline": "", "about_me": "", "gender": ""}}, {"model": "basketapp.basket", "pk": 15, "fields": {"user": 2, "product": 161, "quantity": 2, "add_time": "2021-08-24T22:48:53.837"}}, {"model": "basketapp.basket", "pk": 16, "fields": {"user": 3, "product": 164, "quantity": 2, "add_time": "2021-08-24T22:49:27.867"}}, {"model": "ordersapp.order", "pk": 1, "fields": {"user": 11, "created": "2021-08-23T14:13:30.914", "updated": "2021-08-23T17:45:27.256", "status": "STP", "is_active": true}}, {"model": "ordersapp.order", "pk": 2, "fields": {"user": 11, "created": "2021-08-23T17:42:50.702", "updated": "2021-08-24T12:05:24.196", "status": "CNC", "is_active": false}}, {"model": "ordersapp.order", "pk": 3, "fields": {"user": 11, "created": "2021-08-26T14:58:21.117", "updated": "2021-08-26T14:58:21.141", "status": "CNC", "is_active": false}}, {"model": "ordersapp.order", "pk": 4, "fields": {"user": 11, "created": "2021-08-26T15:00:01.688", "updated": "2021-08-26T15:00:45.488", "status": "CNC", "is_active": false}}, {"model": "ordersapp.order", "pk": 5, "fields": {"user": 11, "created": "2021-08-26T15:01:02.518", "updated": "2021-08-26T20:32:41.947", "status": "FM", "is_active": true}}, {"model": "ordersapp.orderitem", "pk": 1, "fields": {"order": 1, "product": 162, "quantity": 3}}, {"model": "ordersapp.orderitem", "pk": 2, "fields": {"order": 1, "product": 162, "quantity": 3}}, {"model": "ordersapp.orderitem", "pk": 3, "fields": {"order": 1, "product": 161, "quantity": 0}}, {"model": "ordersapp.orderitem", "pk": 4, "fields": {"order": 2, "product": 199, "quantity": 3}}, {"model": "ordersapp.orderitem", "pk": 5, "fields": {"order": 2, "product": 172, "quantity": 2}}, {"model": "ordersapp.orderitem", "pk": 6, "fields": {"order": 2, "product": 164, "quantity": 3}}, {"model": "ordersapp.orderitem", "pk": 7, "fields": {"order": 4, "product": 161, "quantity": 1}}, {"model": "ordersapp.orderitem", "pk": 8, "fields": {"order": 4, "product": 162, "quantity": 2}}, {"model": "ordersapp.orderitem", "pk": 9, "fields": {"order": 5, "product": 162, "quantity": 8}}, {"model": "ordersapp.orderitem", "pk": 11, "fields": {"order": 5, "product": 161, "quantity": 1}}, {"model": "ordersapp.orderitem", "pk": 13, "fields": {"order": 5, "product": 161, "quantity": 4}}, {"model": "ordersapp.orderitem", "pk": 14, "fields": {"order": 5, "product": 163, "quantity": 1}}, {"model": "ordersapp.orderitem", "pk": 15, "fields": {"order": 5, "product": 164, "quantity": 3}}, {"model": "ordersapp.orderitem", "pk": 16, "fields": {"order": 5, "product": 199, "quantity": 1}}]